Voici les mails des alumnis venant de Lyon, Paris ou Lille
Jenda.Felizio@icanschool.com
Concettina.Tiffa@icanschool.com
Brynna.Kirstin@icanschool.com
Emylee.Mathilde@icanschool.com
Fred.Torray@icanschool.com
Marti.Lipson@icanschool.com
Odessa.Abbot@icanschool.com
Evaleen.Rozanna@icanschool.com
Ermengarde.Rheingold@icanschool.com
Gwenneth.Shelba@icanschool.com
Blake.Middleton@icanschool.com
Courtnay.Lanita@icanschool.com
Tracey.Tillford@icanschool.com
Liana.Kristi@icanschool.com
Roslyn.Janith@icanschool.com
Elise.Halla@icanschool.com
Alex.Myrilla@icanschool.com
Susan.Modie@icanschool.com
Elbertina.Ajay@icanschool.com
Deloria.Sibyls@icanschool.com
Tierney.Ardeha@icanschool.com
Aubrie.Kamaria@icanschool.com
Claresta.Lanita@icanschool.com
Frieda.Sancho@icanschool.com
Deirdre.Aaberg@icanschool.com
Ottilie.Tice@icanschool.com
Vivia.Kat@icanschool.com
Arabel.O'Carroll@icanschool.com
Cecile.Michella@icanschool.com
Gusella.Olnee@icanschool.com
Lynnea.Maxi@icanschool.com
Xylina.Bord@icanschool.com
Kylynn.Aloise@icanschool.com
Phedra.Glovsky@icanschool.com
Magdalena.Travax@icanschool.com
Silvana.Linskey@icanschool.com
Olwen.Zeeba@icanschool.com
Bernie.Kellby@icanschool.com
Lila.Georgy@icanschool.com
Tobe.Kunin@icanschool.com
Nickie.Greyson@icanschool.com
Dawn.Emmaline@icanschool.com
Cathie.Kussell@icanschool.com
Rosene.Adalbert@icanschool.com
Robinia.Saunderson@icanschool.com
Livvyy.Georas@icanschool.com
Kittie.Loleta@icanschool.com
Emma.Carlson@icanschool.com
Mariann.Morgun@icanschool.com
Wilma.Helve@icanschool.com
Winny.Bonilla@icanschool.com
Kalina.Diogenes@icanschool.com
Millie.August@icanschool.com
Stephanie.Delila@icanschool.com
Jany.Cohdwell@icanschool.com
Etta.Clara@icanschool.com
Selma.Roscoe@icanschool.com
Jenda.Magdalen@icanschool.com
Minne.Earlie@icanschool.com
Hayley.Fillbert@icanschool.com
Lonnie.Suzetta@icanschool.com
Alie.Rooney@icanschool.com
Marline.Grobe@icanschool.com
Ilse.Helfand@icanschool.com
Jeanna.Edee@icanschool.com
Silvana.Linskey@icanschool.com
Cassandra.Bevin@icanschool.com
Dale.Lilybelle@icanschool.com
Britni.Rustice@icanschool.com
Barbi.Ricki@icanschool.com
Atlanta.Means@icanschool.com
Tilly.Adalbert@icanschool.com
Evita.Tarrant@icanschool.com
Tierney.Woodberry@icanschool.com
Kenna.Gerge@icanschool.com
Rosabelle.Tremayne@icanschool.com
Maud.Hutchison@icanschool.com
Elfreda.Pip@icanschool.com
Caressa.Vilma@icanschool.com
Gale.Annabella@icanschool.com
Drucie.Freddi@icanschool.com
Laure.Oriana@icanschool.com
Ruthe.Wilkinson@icanschool.com
Amalie.Corilla@icanschool.com
Mireielle.Parette@icanschool.com
Silvana.McClimans@icanschool.com
Eugine.Quent@icanschool.com
Lilith.Macey@icanschool.com
Nataline.Rosalba@icanschool.com
Tori.Harday@icanschool.com
Valli.Lutero@icanschool.com
Emmey.Libna@icanschool.com
Linzy.Campball@icanschool.com
Evaleen.Hull@icanschool.com
Tina.Kussell@icanschool.com
Bobinette.Diogenes@icanschool.com
Andree.Sherfield@icanschool.com
Silvana.Alejoa@icanschool.com
Karly.Haymes@icanschool.com
Corene.Yate@icanschool.com
Aigneis.Brady@icanschool.com
Britte.Ajay@icanschool.com
Rozele.Hachmin@icanschool.com
Georgina.Karl@icanschool.com
Aryn.Hourigan@icanschool.com
Moyna.Sigfrid@icanschool.com
Paule.Plato@icanschool.com
Melisent.Koziara@icanschool.com
Cathie.Kravits@icanschool.com
Dennie.Urania@icanschool.com
Dede.Lunsford@icanschool.com
Halette.O'Carroll@icanschool.com
Jemie.Pozzy@icanschool.com
Margalo.Lewes@icanschool.com
Kamilah.Ax@icanschool.com
Silvana.Guildroy@icanschool.com
Roxane.Rozanna@icanschool.com
Mamie.Hoban@icanschool.com
Corly.Angelis@icanschool.com
Wynne.Charmine@icanschool.com
Joleen.Bonilla@icanschool.com
Cacilie.Quent@icanschool.com
Ana.Roarke@icanschool.com
Tarra.Tippets@icanschool.com
Leona.Blake@icanschool.com
Korrie.Blisse@icanschool.com
Harrietta.Crudden@icanschool.com
Feliza.Marsden@icanschool.com
Shirlee.Chabot@icanschool.com
Hettie.Dearborn@icanschool.com
Sherrie.Cohdwell@icanschool.com
Elbertina.Hepsibah@icanschool.com
Selia.Chinua@icanschool.com
Arabel.Lorain@icanschool.com
Renie.Joli@icanschool.com
Christy.Juan@icanschool.com
Christal.Campball@icanschool.com
Pierette.Rustice@icanschool.com
Starla.Glovsky@icanschool.com
Ermengarde.Sisile@icanschool.com
Melodie.Hortensia@icanschool.com
Paule.Gwenore@icanschool.com
Correy.Gert@icanschool.com
Charlena.Fontana@icanschool.com
Dari.Codding@icanschool.com
Tressa.Henebry@icanschool.com
Dorice.Dominy@icanschool.com
Sindee.Darrell@icanschool.com
Cristine.Wind@icanschool.com
Kaia.Bethany@icanschool.com
Jenilee.Gino@icanschool.com
Paule.Nerita@icanschool.com
Briney.Pozzy@icanschool.com
Kathi.Seumas@icanschool.com
Thalia.Longfellow@icanschool.com
Myrtice.Trey@icanschool.com
Dorice.Markman@icanschool.com
Blinni.Cherianne@icanschool.com
Valli.Glovsky@icanschool.com
Renie.Drus@icanschool.com
Ronna.Tryck@icanschool.com
Nadine.Fitzsimmons@icanschool.com
Valera.Lea@icanschool.com
Shaine.Linskey@icanschool.com
Desirae.Koziara@icanschool.com
Arabel.Annabella@icanschool.com
Riannon.Chandler@icanschool.com
Abbie.McNully@icanschool.com
Rivalee.Moseley@icanschool.com
Kial.Rhu@icanschool.com
Kristina.Blake@icanschool.com
Melisent.Jotham@icanschool.com
Sandie.Lubin@icanschool.com
Jany.Francene@icanschool.com
Nonnah.Leifeste@icanschool.com
Tabbatha.Dermott@icanschool.com
Dawn.Kylander@icanschool.com
Amelia.Curren@icanschool.com
Margalo.Eben@icanschool.com
Antonietta.Stefa@icanschool.com
Claudina.Moseley@icanschool.com
Augustine.Gaulin@icanschool.com
Katuscha.Jenness@icanschool.com
Vivia.Paine@icanschool.com
Yolane.Earlie@icanschool.com
Carolina.Damarra@icanschool.com
Maisey.Bury@icanschool.com
Ninnetta.Knowling@icanschool.com
Paola.Koziara@icanschool.com
Paola.Bow@icanschool.com
Laure.Bow@icanschool.com
Farrah.Bethany@icanschool.com
Cissiee.Shanley@icanschool.com
Jessamyn.Othilia@icanschool.com
Shandie.Guildroy@icanschool.com
Diena.Ruvolo@icanschool.com
Isa.Dulciana@icanschool.com
Nita.Zamora@icanschool.com
Natka.Kathie@icanschool.com
Winifred.Saree@icanschool.com
Nanete.Rosalba@icanschool.com
Claresta.Erlandson@icanschool.com
Rayna.Lilybelle@icanschool.com
Claudina.Engdahl@icanschool.com
Brianna.Ledah@icanschool.com
Lily.Mauer@icanschool.com
Rhea.Terrence@icanschool.com
Viviene.Melony@icanschool.com
Tomasina.Aurelio@icanschool.com
Carolina.Roxanna@icanschool.com
Stacey.Cassius@icanschool.com
Angelique.Suanne@icanschool.com
Roseline.Shelba@icanschool.com
Shirlee.Vilma@icanschool.com
Gwenneth.Viddah@icanschool.com
Daphne.Kenney@icanschool.com
Adelle.Zuzana@icanschool.com
Lynnea.Karylin@icanschool.com
Florencia.Alfons@icanschool.com
Nanete.Henebry@icanschool.com
Sherrie.Read@icanschool.com
Rebeca.Rudolph@icanschool.com
Blondelle.Bevin@icanschool.com
Kelly.Talia@icanschool.com
Jinny.Junie@icanschool.com
Clementine.Johanna@icanschool.com
Maisey.Lanita@icanschool.com
Doro.Japeth@icanschool.com
Kimberley.Smitt@icanschool.com
Edyth.Malina@icanschool.com
Tera.Bouchard@icanschool.com
Michaelina.Liebermann@icanschool.com
Antonietta.Vastah@icanschool.com
Alie.Letsou@icanschool.com
Korrie.Infield@icanschool.com
Starla.Nea@icanschool.com
Kristan.Lea@icanschool.com
Lucy.Voletta@icanschool.com
Jorry.Virgin@icanschool.com
Florencia.Dielu@icanschool.com
Modestia.Howlyn@icanschool.com
Celisse.Neils@icanschool.com
Dagmar.Nester@icanschool.com
Myrtice.Cressida@icanschool.com
Bertine.Tound@icanschool.com
Merle.Ophelia@icanschool.com
Marti.Norvol@icanschool.com
Audrie.Birdella@icanschool.com
Julieta.Emmy@icanschool.com
Kayla.McCutcheon@icanschool.com
Kristina.Duwalt@icanschool.com
Valeda.Presber@icanschool.com
Marcelline.Orlene@icanschool.com
Rosaline.Pozzy@icanschool.com
Jerry.Toffic@icanschool.com
Barbara.Margret@icanschool.com
Binny.Cosenza@icanschool.com
Delilah.Bevin@icanschool.com
Viviene.Odysseus@icanschool.com
Chickie.Albertine@icanschool.com
Nanete.Olympium@icanschool.com
Therine.Bonilla@icanschool.com
Gale.Eiser@icanschool.com
Kerrin.Secrest@icanschool.com
Carly.Etom@icanschool.com
Maye.Bigner@icanschool.com
Cherrita.Chaing@icanschool.com
Gerianna.Dom@icanschool.com
Luci.Elbertina@icanschool.com
Lynnea.Zola@icanschool.com
Ariela.Poppy@icanschool.com
Kylynn.Friede@icanschool.com
Dianemarie.Bennie@icanschool.com
Elsie.Carbo@icanschool.com
Modestia.Skell@icanschool.com
Kimberley.Means@icanschool.com
Glynnis.Bendick@icanschool.com
Stephanie.Sheng@icanschool.com
Kelly.Boycey@icanschool.com
Kimberley.Demitria@icanschool.com
Winny.Ethban@icanschool.com
Ezmeralda.Drisko@icanschool.com
Renie.Ranjiv@icanschool.com
Jenda.Melleta@icanschool.com
Gilligan.Engdahl@icanschool.com
Etta.Holtz@icanschool.com
Viki.Malina@icanschool.com
Bee.Ciro@icanschool.com
Bee.Rosalba@icanschool.com
Gilligan.Reinke@icanschool.com
Kimberley.Lay@icanschool.com
Raquela.Corilla@icanschool.com
Shirlee.Margarete@icanschool.com
Dania.Monaco@icanschool.com
Alie.Barrus@icanschool.com
Caressa.Cosenza@icanschool.com
Merle.Ferrell@icanschool.com
Sophia.Grimbly@icanschool.com
Madalyn.Friede@icanschool.com
Shaine.Ingra@icanschool.com
Brietta.Yate@icanschool.com
Hope.Lea@icanschool.com
Trudie.Jorgan@icanschool.com
Tami.Vilma@icanschool.com
Lindie.Dosia@icanschool.com
Siana.Waldron@icanschool.com
Concettina.Smitt@icanschool.com
Shauna.Deny@icanschool.com
Paola.Celestine@icanschool.com
Jinny.Schlosser@icanschool.com
Dulce.Orlene@icanschool.com
Daune.Brieta@icanschool.com
Lesly.Roscoe@icanschool.com
Carmela.Gert@icanschool.com
Mariann.Joni@icanschool.com
Maisey.Ethban@icanschool.com
Stephanie.Docilla@icanschool.com
Neila.McLaughlin@icanschool.com
Keelia.Sholley@icanschool.com
Vivia.Poppy@icanschool.com
Gianina.Mich@icanschool.com
Morganica.Terrence@icanschool.com
Ketti.Gabrielli@icanschool.com
Corina.Clara@icanschool.com
Robbi.Pulsifer@icanschool.com
Hettie.Hilbert@icanschool.com
Deloria.Leopold@icanschool.com
Dacia.Briney@icanschool.com
Cindelyn.Gamaliel@icanschool.com
Aubrie.Cynar@icanschool.com
Teddie.Radu@icanschool.com
Camile.Brian@icanschool.com
Dorthy.Llovera@icanschool.com
Emma.Malvino@icanschool.com
Fanchon.Seumas@icanschool.com
Keelia.Brieta@icanschool.com
Agnese.Ledah@icanschool.com
Dorice.Koziara@icanschool.com
Yetty.Natalia@icanschool.com
Flory.Anastatius@icanschool.com
Noelle.Charmine@icanschool.com
Rayna.Goldina@icanschool.com
Jean.Durante@icanschool.com
Therine.Auberbach@icanschool.com
Shirlee.Yorick@icanschool.com
Tina.Old@icanschool.com
Kirstin.Knowling@icanschool.com
Dotty.Nance@icanschool.com
Marline.Quinn@icanschool.com
Tybie.Alarise@icanschool.com
Riannon.Ackerley@icanschool.com
Drucie.Himelman@icanschool.com
Chastity.Peonir@icanschool.com
Ezmeralda.Andrel@icanschool.com
Oona.Alarise@icanschool.com
Elora.Pierette@icanschool.com
Kassey.Oriana@icanschool.com
Rivalee.Ehrman@icanschool.com
Maisey.Breed@icanschool.com
Ginnie.Tufts@icanschool.com
Andeee.Annice@icanschool.com
Frank.Rugen@icanschool.com
Gilligan.Brandice@icanschool.com
Brynna.Hessler@icanschool.com
Juliane.Urias@icanschool.com
Vere.Arvo@icanschool.com
Katleen.Emerson@icanschool.com
Celestyna.Ball@icanschool.com
Liana.Ulphia@icanschool.com
Kaia.Edvard@icanschool.com
Janey.Tybald@icanschool.com
Etta.Koehler@icanschool.com
Lizzie.Abram@icanschool.com
Mara.Boycey@icanschool.com
Marcelline.Amadas@icanschool.com
Mureil.Cottle@icanschool.com
Monika.Yorick@icanschool.com
Patricia.Aida@icanschool.com
Elise.Mozelle@icanschool.com
Carly.LaRue@icanschool.com
Shannah.Si@icanschool.com
Kassey.Esmaria@icanschool.com
Karena.Riva@icanschool.com
Kenna.Donell@icanschool.com
Anestassia.Durante@icanschool.com
Lily.Shuler@icanschool.com
Shel.Estella@icanschool.com
Bobinette.Zuzana@icanschool.com
Myrtice.Wu@icanschool.com
Jean.Ivens@icanschool.com
Talya.Margret@icanschool.com
Andeee.Raul@icanschool.com
Jacenta.Lea@icanschool.com
Sheree.Schenck@icanschool.com
Carolina.Maroney@icanschool.com
Neila.Gregrory@icanschool.com
Judy.Wandie@icanschool.com
Jerry.Sabella@icanschool.com
Allis.Tufts@icanschool.com
Lynde.Kamaria@icanschool.com
Zsa Zsa.Hashim@icanschool.com
Cathie.Cloris@icanschool.com
Flory.Elvyn@icanschool.com
Ermengarde.Fiester@icanschool.com
Gaylene.Ardeha@icanschool.com
Regina.Mich@icanschool.com
Max.Han@icanschool.com
Bertine.Gamaliel@icanschool.com
Darci.Fadiman@icanschool.com
Selma.Bettine@icanschool.com
Demetris.Shaddock@icanschool.com
Gerrie.Cecile@icanschool.com
Kirstin.Latini@icanschool.com
Camile.Girardo@icanschool.com
Jere.Kesley@icanschool.com
Celisse.Etom@icanschool.com
Kaja.Zitvaa@icanschool.com
Sallie.Duwalt@icanschool.com
Janis.Jehu@icanschool.com
Kimmy.Herrera@icanschool.com
Bettine.Lindemann@icanschool.com
Tilly.Andrel@icanschool.com
Nananne.Bonucci@icanschool.com
Blake.Ammann@icanschool.com
Mureil.Janene@icanschool.com
Ketti.O'Rourke@icanschool.com
Phedra.Chabot@icanschool.com
Theodora.Pauly@icanschool.com
Evaleen.Carri@icanschool.com
Fanchon.Schonfeld@icanschool.com
Corry.Heidt@icanschool.com
Cathie.Hoban@icanschool.com
Gianina.Mallon@icanschool.com
Annabela.Henrie@icanschool.com
Julieta.Esmaria@icanschool.com
Tressa.O'Rourke@icanschool.com
Clo.Dudley@icanschool.com
Donetta.Malina@icanschool.com
Wileen.Ricarda@icanschool.com
Ardys.Roche@icanschool.com
Hope.Phyllis@icanschool.com
Alie.Thornburg@icanschool.com
Elbertina.Stilwell@icanschool.com
Jemie.Thar@icanschool.com
Susan.Melan@icanschool.com
Kylynn.Afton@icanschool.com
Melina.Hanleigh@icanschool.com
Tamqrah.Rosette@icanschool.com
Selia.Mayeda@icanschool.com
Jillayne.Harned@icanschool.com
Julieta.Shaver@icanschool.com
Bill.Henrie@icanschool.com
Jobi.Daveta@icanschool.com
Juliane.Henebry@icanschool.com
Imojean.Friede@icanschool.com
Liana.Mayeda@icanschool.com
Celestyna.Germann@icanschool.com
Rayna.Marlie@icanschool.com
Susan.Behre@icanschool.com
Arlena.An@icanschool.com
Mamie.Middleton@icanschool.com
Sharlene.Myrilla@icanschool.com
Libbie.Edvard@icanschool.com
Gianina.Poll@icanschool.com
Jaime.Faro@icanschool.com
Ebonee.Tippets@icanschool.com
Arlena.Adlare@icanschool.com
Lynea.Sprage@icanschool.com
Frances.Swigart@icanschool.com
Benita.Claudine@icanschool.com
Tonia.Podvin@icanschool.com
Nataline.Norvol@icanschool.com
Dari.Taima@icanschool.com
Elena.Kronfeld@icanschool.com
Cissiee.Darbie@icanschool.com
Zsa Zsa.Eno@icanschool.com
Gwenneth.Rurik@icanschool.com
Florencia.Helve@icanschool.com
Jaclyn.Flita@icanschool.com
Heddie.Eliathas@icanschool.com
Bobbi.Goldina@icanschool.com
Melodie.Swigart@icanschool.com
Daryl.Caitlin@icanschool.com
Concettina.Milde@icanschool.com
Willetta.Hepsibah@icanschool.com
Maridel.Iaverne@icanschool.com
Malina.Han@icanschool.com
Alleen.Oscar@icanschool.com
Dawn.Thornburg@icanschool.com
Verla.Roumell@icanschool.com
Raina.Ventre@icanschool.com
Damaris.Rese@icanschool.com
Eolanda.Winnick@icanschool.com
Maye.Hanleigh@icanschool.com
Beverley.Dorine@icanschool.com
Dorene.Swanhildas@icanschool.com
Layla.Ahab@icanschool.com
Genevra.Merell@icanschool.com
Violet.Keily@icanschool.com
Averyl.Bakerman@icanschool.com
Justinn.Urias@icanschool.com
Kirbee.Fancie@icanschool.com
Halette.Fiann@icanschool.com
Elora.Hubert@icanschool.com
Marleah.Valoniah@icanschool.com
Hayley.Montgomery@icanschool.com
Kassey.Belanger@icanschool.com
Beverley.Mandler@icanschool.com
Valeda.Liebermann@icanschool.com
Paola.Afton@icanschool.com
Libbie.Willie@icanschool.com
Grier.Bethany@icanschool.com
Linet.Wind@icanschool.com
Keelia.Berriman@icanschool.com
Taffy.Buckler@icanschool.com
Emilia.Kirbee@icanschool.com
Kylynn.Daveta@icanschool.com
Caritta.Carolin@icanschool.com
Antonietta.Imelida@icanschool.com
Heddie.Astra@icanschool.com
Mara.Wiener@icanschool.com
Willetta.Remmer@icanschool.com
Ardys.Waite@icanschool.com
Lanae.Moseley@icanschool.com
Ivett.Durware@icanschool.com
Sibella.Hanshaw@icanschool.com
Magdalena.Old@icanschool.com
Drucie.Alrich@icanschool.com
Jillayne.Craggie@icanschool.com
Ursulina.Radu@icanschool.com
Constance.Alwin@icanschool.com
Kerrin.Milde@icanschool.com
Konstance.Tristram@icanschool.com
Aimil.Noman@icanschool.com
Kenna.Lubin@icanschool.com
Maud.Therine@icanschool.com
Elyssa.Hurley@icanschool.com
Cathyleen.Remmer@icanschool.com
Caritta.Haymes@icanschool.com
Dari.Stelle@icanschool.com
Carol-Jean.Gregrory@icanschool.com
Ilse.Giff@icanschool.com
Leontine.Birdella@icanschool.com
Margarette.Stefa@icanschool.com
Orsola.Ackerley@icanschool.com
Nanete.Flita@icanschool.com
Anallese.Grimbly@icanschool.com
Orelia.Trey@icanschool.com
Taffy.Quinn@icanschool.com
Letizia.Mitzi@icanschool.com
Theodora.Capello@icanschool.com
Dari.Annice@icanschool.com
Jennica.Wittie@icanschool.com
Fidelia.Hirsch@icanschool.com
Ida.Willie@icanschool.com
Minne.Nadia@icanschool.com
Celene.Beniamino@icanschool.com
Mahalia.Barrus@icanschool.com
Cristabel.Hamil@icanschool.com
Cindelyn.Vharat@icanschool.com
Annice.Vorster@icanschool.com
Cyndie.Koziara@icanschool.com
Ronna.Ehrman@icanschool.com
Rayna.Billye@icanschool.com
Viviene.Delila@icanschool.com
Sheree.Adlare@icanschool.com
Jacquetta.Madelene@icanschool.com
Donetta.Darbie@icanschool.com
Oona.Cleavland@icanschool.com
Nessie.Ulphia@icanschool.com
Nariko.Vanni@icanschool.com
Marnia.Schalles@icanschool.com
Neila.Richers@icanschool.com
Debee.Killigrew@icanschool.com
Joelly.Septima@icanschool.com
Orsola.August@icanschool.com
Chere.Montgomery@icanschool.com
Myriam.Couture@icanschool.com
Imojean.Campball@icanschool.com
Binny.Gibbeon@icanschool.com
Caryl.Sabella@icanschool.com
Corene.Seligman@icanschool.com
Sidoney.Aloise@icanschool.com
Catrina.Cherianne@icanschool.com
Anestassia.Waite@icanschool.com
Elmira.Kauppi@icanschool.com
Brandise.An@icanschool.com
Dari.Lytton@icanschool.com
Alejandra.Bergman@icanschool.com
Tierney.Carvey@icanschool.com
Ann-Marie.Amasa@icanschool.com
Amii.Ranjiv@icanschool.com
Glenda.Ax@icanschool.com
Sherrie.Tatianas@icanschool.com
Cristabel.Kannry@icanschool.com
Amalie.Niles@icanschool.com
Lanae.Mott@icanschool.com
Marnia.Forrer@icanschool.com
Marita.Cynar@icanschool.com
Jany.Dahlia@icanschool.com
Dorice.Gino@icanschool.com
Deedee.Dalli@icanschool.com
Bettine.Codding@icanschool.com
Darlleen.Afton@icanschool.com
Raquela.Sacken@icanschool.com
Lorie.Christine@icanschool.com
Tamqrah.Mathilde@icanschool.com
Heddie.Ietta@icanschool.com
Shauna.Rodmann@icanschool.com
Adelle.Wadell@icanschool.com
Carmela.Clywd@icanschool.com
Annabela.Toni@icanschool.com
Leontine.Secrest@icanschool.com
Margarette.Gale@icanschool.com
Ursulina.Tjon@icanschool.com
Norine.Aaberg@icanschool.com
Bibby.Wu@icanschool.com
Caritta.Sibyls@icanschool.com
Amii.Rubie@icanschool.com
Ingrid.Roscoe@icanschool.com
Carly.Solitta@icanschool.com
Kimberley.Ailyn@icanschool.com
Ericka.Lipson@icanschool.com
Concettina.Ephrem@icanschool.com
Briney.Dichy@icanschool.com
Karlee.Drus@icanschool.com
Betta.Edmund@icanschool.com
Stacey.Alisia@icanschool.com
Gianina.Decato@icanschool.com
Debee.Philipp@icanschool.com
Chere.Weinreb@icanschool.com
Alie.Franza@icanschool.com
Daphne.Bates@icanschool.com
Siana.Ader@icanschool.com
Brietta.Kesley@icanschool.com
Tori.Michella@icanschool.com
Violet.Madaih@icanschool.com
Jacquetta.Radu@icanschool.com
Jessamyn.Chinua@icanschool.com
Eve.Wenoa@icanschool.com
Vivia.Vernier@icanschool.com
Robbi.Bertold@icanschool.com
Lynea.Lory@icanschool.com
Cyndie.Alarise@icanschool.com
Rosanne.Pearse@icanschool.com
Jolyn.Tryck@icanschool.com
Gisela.Mayeda@icanschool.com
Aurore.Bultman@icanschool.com
Lorenza.Gert@icanschool.com
Cecile.Sammons@icanschool.com
Eugine.Fennessy@icanschool.com
Daphne.Zamora@icanschool.com
Peri.Esmaria@icanschool.com
Malina.Cimbura@icanschool.com
Judy.Gamaliel@icanschool.com
Melisent.Ricki@icanschool.com
Glynnis.Timon@icanschool.com
Shaylyn.Berard@icanschool.com
Sandie.Nisbet@icanschool.com
Moyna.Velick@icanschool.com
Robinia.Charity@icanschool.com
Kore.McCutcheon@icanschool.com
Bill.Latini@icanschool.com
Riannon.Engdahl@icanschool.com
Betta.Noman@icanschool.com
Molli.Krystle@icanschool.com
Flory.Eldrid@icanschool.com
Madalyn.Land@icanschool.com
Devina.Teryn@icanschool.com
Marsiella.Read@icanschool.com
Hermione.Rurik@icanschool.com
Korrie.Haymes@icanschool.com
Celestyna.Khorma@icanschool.com
Lorie.Mike@icanschool.com
Nariko.Ephrem@icanschool.com
Zsa Zsa.Tayib@icanschool.com
Gertrud.Chick@icanschool.com
Oralee.Alcott@icanschool.com
Kalina.Nickola@icanschool.com
Ivett.Alexandr@icanschool.com
Teriann.Moseley@icanschool.com
Marita.Hashim@icanschool.com
Dorthy.Blake@icanschool.com
Jennica.Bonilla@icanschool.com
Kellen.Elo@icanschool.com
Susette.Bevin@icanschool.com
Suzette.McGrody@icanschool.com
Yolane.Baptlsta@icanschool.com
Lolita.Gillan@icanschool.com
Jacenta.Fink@icanschool.com
Annora.Corrine@icanschool.com
Carmela.Kesley@icanschool.com
Tilly.Serilda@icanschool.com
Veda.Bartlett@icanschool.com
Nyssa.Marsden@icanschool.com
Neila.Jefferey@icanschool.com
Zsa Zsa.Judye@icanschool.com
Cathyleen.Gordon@icanschool.com
Eadie.Modie@icanschool.com
Sandie.Pettiford@icanschool.com
Cassondra.Peti@icanschool.com
Merle.Ambrosia@icanschool.com
Regina.Malvino@icanschool.com
Cathie.Cath@icanschool.com
Suzette.Hurley@icanschool.com
Bee.Pattin@icanschool.com
Raquela.Old@icanschool.com
Tani.Terencio@icanschool.com
Marita.Pozzy@icanschool.com
Mady.Serilda@icanschool.com
Mignon.Caitlin@icanschool.com
Quintina.Delp@icanschool.com
Addia.Yam@icanschool.com
Agnese.Mintz@icanschool.com
Neila.Neva@icanschool.com
Glenda.Ietta@icanschool.com
Mathilda.Loeb@icanschool.com
Ira.Tiffa@icanschool.com
Rosaline.Imelida@icanschool.com
Pearline.Mike@icanschool.com
Riannon.Schenck@icanschool.com
Merry.Trinetta@icanschool.com
Adelle.Cleo@icanschool.com
Teriann.Lacombe@icanschool.com
Priscilla.Mehalek@icanschool.com
Rochette.Ries@icanschool.com
Gwyneth.Peti@icanschool.com
Brandise.Adore@icanschool.com
Eve.Creamer@icanschool.com
Asia.Teryn@icanschool.com
Mignon.Iiette@icanschool.com
Dede.Poll@icanschool.com
Albertina.Killigrew@icanschool.com
Florie.Bahr@icanschool.com
Mallory.Syd@icanschool.com
Cherilyn.Dielu@icanschool.com
Atlanta.Felizio@icanschool.com
Tabbatha.Elo@icanschool.com
Gilligan.Krystle@icanschool.com
Mignon.Kermit@icanschool.com
Flo.Mallon@icanschool.com
Leontine.Fairweather@icanschool.com
Edee.Fabiola@icanschool.com
Lesly.Ricarda@icanschool.com
Lindie.Dominy@icanschool.com
Mignon.Levey@icanschool.com
Winifred.Reinke@icanschool.com
Cissiee.Papageno@icanschool.com
Jean.Halla@icanschool.com
Nadine.Estella@icanschool.com
Alyssa.Codding@icanschool.com
Britte.Monk@icanschool.com
Tomasina.Ciro@icanschool.com
Krystle.Phaidra@icanschool.com
Natka.Neva@icanschool.com
Ardys.Ehrman@icanschool.com
Cyndie.Podvin@icanschool.com
Deloria.Libna@icanschool.com
Cassondra.Gusella@icanschool.com
Leeanne.Guthrie@icanschool.com
Donnie.Knowling@icanschool.com
Aigneis.Loleta@icanschool.com
Lita.Monk@icanschool.com
Philis.Lumbard@icanschool.com
Roz.Letsou@icanschool.com
Collen.Greyson@icanschool.com
Johna.Munn@icanschool.com
Bettine.Margarete@icanschool.com
